{
  "@file": "ArPlurals",
  "@formula": "nplurals=6; plural=n==0 ? 0 : n==1 ? 1 : n==2 ? 2 : n%100>=3 && n%100<=10 ? 3 : n%100>=11 ? 4 : 5;",
  "arPluralsForms": {
    "عنصر": ["لا عناصر", "عنصر واحد", "عنصران", "%d عناصر", "%d عنصرا", "%d عنصر"],
    "تعليق": ["لا تعليقات", "تعليق واحد", "تعليقان", "%d تعليقات", "%d تعليقا", "%d تعليق"],
    "تقييم": ["لا تقييمات", "تقييم واحد", "تقييمان", "%d تقييمات", "%d تقييما", "%d تقييم"],
    "مشاهدة": ["لا مشاهدات", "مشاهدة واحدة", "مشاهدتان", "%d مشاهدات", "%d مشاهدة", "%d مشاهدة"],
    "نتيجة": ["لا نتائج", "نتيجة واحدة", "نتيجتان", "%d نتائج", "%d نتيجة", "%d نتيجة"],
    "مقالة": ["لا مقالات", "مقالة واحدة", "مقالتان", "%d مقالات", "%d مقالة", "%d مقالة"],
    "إجابة": ["لا إجابات", "إجابة واحدة", "إجابتان", "%d إجابات", "%d إجابة", "%d إجابة"],
    "خبر": ["لا أخبار", "خبر واحد", "خبران", "%d أخبار", "%d خبرا", "%d خبر"],
    "دولار": ["لا دولارات", "دولار واحد", "دولارات", "%d دولارات", "%d دولارا", "%d دولار"],
    "فرنك": ["لا فرنكات", "فرنك واحد", "فرنكان", "%d فرنكات", "%d فرنكا", "%d فرنك"],
    "سنتيم": ["لا سنتيمات", "سنتيم واحد", "سنتيمان", "%d سنتيمات", "%d سنتيما", "%d سنتيم"],
    "جنيه": ["لا جنيهات", "جنيه واحد", "جنيهان", "%d جنيهات", "%d جنيها", "%d جنيه"],
    "ليرة": ["لا ليرات", "ليرة واحدة", "ليرتان", "%d ليرات", "%d ليرة", "%d ليرة"],
    "أوقية": ["لا أوقيات", "أوقية واحدة", "أوقيتان", "%d أوقيات", "%d أوقية", "%d أوقية"],
    "دينار": ["لا دنانير", "دينار واحد", "ديناران", "%d دنانير", "%d دينارا", "%d دينار"],
    "فلس": ["لا فلوس", "فلس واحد", "فلسان", "%d فلوس", "%d فلسا", "%d فلس"],
    "قرش": ["لا قروش", "قرش واحد", "قرشان", "%d قروش", "%d قرشا", "%d قرش"],
    "درهم": ["لا دراهم", "درهم واحد", "درهمان", "%d دراهم", "%d درهما", "%d درهم"],
    "ريال": ["لا ريالات", "ريال واحد", "ريالان", "%d ريالات", "%d ريالا", "%d ريال"],
    "سنت": ["لا سنتات", "سنت واحد", "سنتان", "%d سنتات", "%d سنتا", "%d سنت"],
    "هللة": ["لا هللات", "هللة واحدة", "هللتان", "%d هللات", "%d هللة", "%d هللة"],
    "شلن": ["لا شلنات", "شلن واحد", "شلنان", "%d شلنات", "%d شلنا", "%d شلن"],
    "مليم": ["لا مليمات", "مليم واحد", "مليمان", "%d مليمات", "%d مليما", "%d مليم"],
    "سنتسيمي": ["لا سنتسيمات", "سنتسيمي واحد", "سنتسيمان", "%d سنتسيمات", "%d سنتسيما", "%d سنتسيمي"],
    "بايزاس": ["لا بايزاسات", "بايزاس واحد", "بايزاسان", "%d بايزاسات", "%d بايزاسا", "%d بايزاس"],
    "يورو": ["لا يوروات", "يورو واحد", "يوروان", "%d يوروات", "%d يورو", "%d يورو"],
    "سنة": ["لا سنوات", "سنة واحدة", "سنتين", "%d سنوات", "%d سنة", "%d سنة"],
    "شهر": ["لا أشهر", "شهر واحد", "شهرين", "%d أشهر", "%d شهرا", "%d شهر"],
    "إسبوع": ["لا أسابيع", "إسبوع واحد", "إسبوعين", "%d أسابيع", "%d إسبوعا", "%d إسبوع"],
    "يوم": ["لا أيام", "يوم واحد", "يومين", "%d أيام", "%d يوما", "%d يوم"],
    "ساعة": ["لا ساعات", "ساعة واحدة", "ساعتين", "%d ساعات", "%d ساعة", "%d ساعة"],
    "دقيقة": ["لا دقائق", "دقيقة واحدة", "دقيقتين", "%d دقائق", "%d دقيقة", "%d دقيقى"],
    "ثانية": ["لا ثواني", "ثانية واحدة", "ثانيتين", "%d ثواني", "%d ثانية", "%d ثانية"]
  }
}